{
    "loss": 0.6131181120872498,
    "accuracy": 0.6372548937797546
}