{
    "loss": 0.6041460633277893,
    "accuracy": 0.7916666865348816
}