{
    "loss": 17.533369064331055,
    "accuracy": 0.4313725531101227
}