{
    "loss": 0.5886983871459961,
    "accuracy": 0.7916666865348816
}