{
    "loss": 0.5955501794815063,
    "accuracy": 0.7916666865348816,
    "precision": 0.0,
    "recall": 0.0,
    "f1_score": 0.0,
    "confusion_matrix": [
        [
            95,
            0
        ],
        [
            25,
            0
        ]
    ]
}