{
    "loss": 0.4931586980819702,
    "accuracy": 0.800000011920929
}