{
    "loss": 0.44483181834220886,
    "accuracy": 0.813725471496582
}